period,n_speeches,n_speakers,is_sparse,mean_log_words,share_truncated,att_pi,att_y,att_fs,att_unc,att_pi_corr,att_y_corr,att_fs_corr,att_unc_corr,vol_pi,vol_y,vol_fs,vol_unc,out_pi,disp_pi,polar_pi,share_up_pi,share_down_pi,out_y,disp_y,polar_y,share_up_y,share_down_y
1999Q1,24,6,False,8.173401005632526,0.9583333333333334,0.9583333333333334,0.8333333333333334,0.375,0.4583333333333333,0.9509803921568627,0.8055555555555555,0.375,0.4583333333333333,23.0,20.0,9.0,11.0,-0.13043478260869565,0.34435022157509093,0.0,0.0,0.13043478260869565,0.2,0.6155870112510925,0.5,0.3,0.1
1999Q2,30,6,False,8.199903829291285,0.8,0.8333333333333334,0.9,0.2,0.3,0.8039215686274509,0.8833333333333332,0.2,0.3,25.0,27.0,6.0,9.0,-0.24,0.43588989435406733,0.0,0.0,0.24,0.4444444444444444,0.5773502691896258,0.14285714285714285,0.48148148148148145,0.037037037037037035
1999Q3,21,6,False,8.139848249982904,0.9047619047619048,0.7142857142857143,0.8095238095238095,0.38095238095238093,0.14285714285714285,0.6638655462184874,0.7777777777777777,0.38095238095238093,0.14285714285714285,15.0,17.0,8.0,3.0,-0.26666666666666666,0.5936168397046637,0.3333333333333333,0.06666666666666667,0.3333333333333333,0.35294117647058826,0.701888209634219,0.4,0.47058823529411764,0.11764705882352941
1999Q4,30,6,False,8.075177759885769,0.8333333333333334,0.9333333333333333,0.8666666666666667,0.3333333333333333,0.5,0.9215686274509803,0.8444444444444443,0.3333333333333333,0.5,28.0,26.0,10.0,15.0,0.10714285714285714,0.4973474613934381,0.5714285714285714,0.17857142857142858,0.07142857142857142,0.5769230769230769,0.5038314736557788,0.0,0.5769230769230769,0.0
2000Q1,16,5,False,7.986699514440568,0.8125,0.9375,1.0,0.125,0.5625,0.926470588235294,0.9999999999999999,0.125,0.5625,15.0,16.0,2.0,9.0,0.3333333333333333,0.48795003647426666,0.0,0.3333333333333333,0.0,0.375,0.7187952884282609,0.4,0.5,0.125
2000Q2,18,6,False,8.35362056887669,0.9444444444444444,0.6666666666666666,0.7222222222222222,0.3888888888888889,0.4444444444444444,0.6078431372549018,0.6759259259259258,0.3888888888888889,0.4444444444444444,12.0,13.0,7.0,8.0,0.08333333333333333,0.7929614610987591,0.8571428571428571,0.3333333333333333,0.25,0.6923076923076923,0.6304251719561152,0.18181818181818182,0.7692307692307693,0.07692307692307693
2000Q3,17,5,False,8.193126939637233,0.9411764705882353,0.8235294117647058,0.7647058823529411,0.35294117647058826,0.4117647058823529,0.792387543252595,0.7254901960784312,0.35294117647058826,0.4117647058823529,14.0,13.0,6.0,7.0,0.2857142857142857,0.4688072309384954,0.0,0.2857142857142857,0.0,0.23076923076923078,0.599144689515278,0.4,0.3076923076923077,0.07692307692307693
2000Q4,21,6,False,7.998907385076665,0.8571428571428571,0.7619047619047619,0.6666666666666666,0.19047619047619047,0.3333333333333333,0.7198879551820727,0.6111111111111109,0.19047619047619047,0.3333333333333333,16.0,14.0,4.0,7.0,0.0625,0.5737304826019501,0.8,0.1875,0.125,0.9285714285714286,0.26726124191242434,0.0,0.9285714285714286,0.0
2001Q1,17,5,False,8.049825773439139,0.7647058823529411,0.7647058823529411,0.8823529411764706,0.29411764705882354,0.35294117647058826,0.7231833910034601,0.8627450980392155,0.29411764705882354,0.35294117647058826,13.0,15.0,5.0,6.0,-0.5384615384615384,0.5188745216627708,0.0,0.0,0.5384615384615384,0.6666666666666666,0.6172133998483675,0.16666666666666666,0.7333333333333333,0.06666666666666667
2001Q2,19,5,False,8.046160491206761,0.7894736842105263,0.5789473684210527,0.631578947368421,0.3157894736842105,0.42105263157894735,0.5046439628482972,0.5701754385964911,0.3157894736842105,0.42105263157894735,11.0,12.0,6.0,8.0,-0.5454545454545454,0.5222329678670935,0.0,0.0,0.5454545454545454,0.08333333333333333,0.7929614610987591,0.8571428571428571,0.3333333333333333,0.25
2001Q3,15,5,False,7.850019735638879,0.8,0.5333333333333333,0.6,0.4,0.26666666666666666,0.45098039215686264,0.5333333333333332,0.4,0.26666666666666666,8.0,9.0,6.0,4.0,-0.5,0.7559289460184544,0.3333333333333333,0.125,0.625,0.1111111111111111,0.927960727138337,0.8571428571428571,0.4444444444444444,0.3333333333333333
2001Q4,22,5,False,7.86176385298005,0.7727272727272727,0.7272727272727273,0.6818181818181818,0.36363636363636365,0.2727272727272727,0.6791443850267379,0.6287878787878787,0.36363636363636365,0.2727272727272727,16.0,15.0,8.0,6.0,-0.125,0.6191391873668903,0.6666666666666666,0.125,0.25,0.13333333333333333,0.7432233529572065,0.75,0.3333333333333333,0.2
2002Q1,21,6,False,8.052569205103278,0.7619047619047619,0.6666666666666666,0.7142857142857143,0.5714285714285714,0.47619047619047616,0.6078431372549018,0.6666666666666666,0.5714285714285714,0.47619047619047616,14.0,15.0,12.0,10.0,-0.5,0.5188745216627708,0.0,0.0,0.5,0.6,0.6324555320336759,0.18181818181818182,0.6666666666666666,0.06666666666666667
2002Q2,18,6,False,8.018407343350695,0.8888888888888888,0.5555555555555556,0.7222222222222222,0.5,0.4444444444444444,0.4771241830065359,0.6759259259259258,0.5,0.4444444444444444,10.0,13.0,9.0,8.0,-0.2,0.6324555320336759,0.5,0.1,0.3,0.46153846153846156,0.6602252917735248,0.25,0.5384615384615384,0.07692307692307693
2002Q3,8,4,False,7.787311466788219,0.75,0.75,0.625,0.375,0.75,0.7058823529411764,0.5624999999999999,0.375,0.75,6.0,5.0,3.0,6.0,0.16666666666666666,0.408248290463863,0.0,0.16666666666666666,0.0,0.2,0.44721359549995804,0.0,0.2,0.0
2002Q4,19,5,False,7.820978734888797,0.5789473684210527,0.8421052631578947,0.9473684210526315,0.631578947368421,0.42105263157894735,0.8142414860681113,0.93859649122807,0.631578947368421,0.42105263157894735,16.0,18.0,12.0,8.0,-0.125,0.5,0.5,0.0625,0.1875,0.5555555555555556,0.5113099925649136,0.0,0.5555555555555556,0.0
2003Q1,14,5,False,8.028610388334743,0.7857142857142857,0.9285714285714286,1.0,0.42857142857142855,0.5,0.9159663865546218,0.9999999999999999,0.42857142857142855,0.5,13.0,14.0,6.0,7.0,-0.38461538461538464,0.5063696835418333,0.0,0.0,0.38461538461538464,0.14285714285714285,0.6629935441317958,0.6666666666666666,0.2857142857142857,0.14285714285714285
2003Q2,20,7,False,7.823763729193871,0.65,0.6,0.8,0.5,0.35,0.5294117647058822,0.7666666666666666,0.5,0.35,12.0,16.0,10.0,7.0,-0.25,0.621581560508061,0.4,0.08333333333333333,0.3333333333333333,0.4375,0.7274384280931732,0.36363636363636365,0.5625,0.125
2003Q3,11,5,False,7.870923853141295,0.8181818181818182,0.5454545454545454,1.0,0.5454545454545454,0.36363636363636365,0.4652406417112298,0.9999999999999999,0.5454545454545454,0.36363636363636365,6.0,11.0,6.0,4.0,-0.5,0.5477225575051661,0.0,0.0,0.5,0.36363636363636365,0.8090398349558906,0.5,0.5454545454545454,0.18181818181818182
2003Q4,26,6,False,8.080980950822273,0.8076923076923077,0.5769230769230769,0.8076923076923077,0.4230769230769231,0.46153846153846156,0.5022624434389139,0.7756410256410255,0.4230769230769231,0.46153846153846156,15.0,21.0,11.0,12.0,-0.06666666666666667,0.25819888974716115,0.0,0.0,0.06666666666666667,0.2857142857142857,0.560611910581388,0.25,0.3333333333333333,0.047619047619047616
2004Q1,16,5,False,7.657561081621968,0.5,0.5,0.875,0.8125,0.3125,0.41176470588235287,0.8541666666666665,0.8125,0.3125,8.0,14.0,13.0,5.0,-0.125,0.6408699444616557,0.6666666666666666,0.125,0.25,0.6428571428571429,0.4972451580988469,0.0,0.6428571428571429,0.0
2004Q2,36,6,False,8.047050633108812,0.8055555555555556,0.6944444444444444,0.8055555555555556,0.4722222222222222,0.4166666666666667,0.6405228758169933,0.773148148148148,0.4722222222222222,0.4166666666666667,25.0,29.0,17.0,15.0,-0.08,0.4932882862316248,0.6666666666666666,0.08,0.16,0.3448275862068966,0.7209052874667635,0.4444444444444444,0.4827586206896552,0.13793103448275862
2004Q3,15,5,False,8.184302154219809,1.0,0.6,0.8,0.4,0.5333333333333333,0.5294117647058822,0.7666666666666666,0.4,0.5333333333333333,9.0,12.0,6.0,8.0,0.0,0.7071067811865476,1.0,0.2222222222222222,0.2222222222222222,0.5833333333333334,0.5149286505444373,0.0,0.5833333333333334,0.0
2004Q4,34,6,False,7.762855566691286,0.7352941176470589,0.7941176470588235,0.9117647058823529,0.4117647058823529,0.38235294117647056,0.7577854671280275,0.8970588235294116,0.4117647058823529,0.38235294117647056,27.0,31.0,14.0,13.0,0.037037037037037035,0.5871365639519861,0.8888888888888888,0.18518518518518517,0.14814814814814814,0.5483870967741935,0.5058794110206736,0.0,0.5483870967741935,0.0
2005Q1,19,4,False,7.929582531677249,0.7894736842105263,0.6842105263157895,0.8421052631578947,0.631578947368421,0.5789473684210527,0.6284829721362228,0.8157894736842104,0.631578947368421,0.5789473684210527,13.0,16.0,12.0,11.0,0.15384615384615385,0.554700196225229,0.5,0.23076923076923078,0.07692307692307693,0.625,0.6191391873668903,0.16666666666666666,0.6875,0.0625
2005Q2,30,5,False,8.03312284438258,0.8,0.7333333333333333,0.9333333333333333,0.4,0.4666666666666667,0.6862745098039215,0.9222222222222222,0.4,0.4666666666666667,22.0,28.0,12.0,14.0,0.22727272727272727,0.42893202722888846,0.0,0.22727272727272727,0.0,0.32142857142857145,0.6696362433535825,0.4,0.42857142857142855,0.10714285714285714
2005Q3,15,4,False,7.901129471017941,0.7333333333333333,0.4666666666666667,0.8,0.6666666666666666,0.26666666666666666,0.3725490196078431,0.7666666666666666,0.6666666666666666,0.26666666666666666,7.0,12.0,10.0,4.0,0.42857142857142855,0.5345224838248487,0.0,0.42857142857142855,0.0,0.3333333333333333,0.8876253645985945,0.6,0.5833333333333334,0.25
2005Q4,27,6,False,8.207807930332544,0.8888888888888888,0.48148148148148145,0.8148148148148148,0.5925925925925926,0.4444444444444444,0.3899782135076252,0.7839506172839504,0.5925925925925926,0.4444444444444444,13.0,22.0,16.0,12.0,0.38461538461538464,0.5063696835418333,0.0,0.38461538461538464,0.0,0.13636363636363635,0.8335497554466647,0.8,0.4090909090909091,0.2727272727272727
2006Q1,21,6,False,8.146665946441761,0.8095238095238095,0.6666666666666666,0.8095238095238095,0.47619047619047616,0.47619047619047616,0.6078431372549018,0.7777777777777777,0.47619047619047616,0.47619047619047616,14.0,17.0,10.0,10.0,0.14285714285714285,0.6629935441317958,0.6666666666666666,0.2857142857142857,0.14285714285714285,0.35294117647058826,0.701888209634219,0.4,0.47058823529411764,0.11764705882352941
2006Q2,32,6,False,8.10474405720711,0.875,0.46875,0.84375,0.46875,0.4375,0.37499999999999994,0.8177083333333333,0.46875,0.4375,15.0,27.0,15.0,14.0,0.4,0.6324555320336759,0.25,0.4666666666666667,0.06666666666666667,0.48148148148148145,0.5798123284152694,0.13333333333333333,0.5185185185185185,0.037037037037037035
2006Q3,17,6,False,8.008675894647105,0.8823529411764706,0.47058823529411764,0.8235294117647058,0.5882352941176471,0.23529411764705882,0.3771626297577854,0.7941176470588234,0.5882352941176471,0.23529411764705882,8.0,14.0,10.0,4.0,0.375,0.5175491695067657,0.0,0.375,0.0,0.42857142857142855,0.646206172658864,0.25,0.5,0.07142857142857142
2006Q4,32,6,False,8.020827375595669,0.8125,0.6875,0.8125,0.5625,0.5625,0.6323529411764705,0.7812499999999999,0.5625,0.5625,22.0,26.0,18.0,18.0,0.5,0.511766315719159,0.0,0.5,0.0,0.34615384615384615,0.6894814104706634,0.4,0.46153846153846156,0.11538461538461539
2007Q1,26,6,False,8.037785838743353,0.8461538461538461,0.5384615384615384,0.8461538461538461,0.46153846153846156,0.34615384615384615,0.45701357466063336,0.8205128205128204,0.46153846153846156,0.34615384615384615,14.0,22.0,12.0,9.0,0.07142857142857142,0.615727926214882,0.8,0.21428571428571427,0.14285714285714285,0.5454545454545454,0.6709817063202619,0.25,0.6363636363636364,0.09090909090909091
2007Q2,34,5,False,8.173852093080473,0.8823529411764706,0.47058823529411764,0.8823529411764706,0.5588235294117647,0.5,0.3771626297577854,0.8627450980392155,0.5588235294117647,0.5,16.0,30.0,19.0,17.0,0.375,0.6191391873668903,0.25,0.4375,0.0625,0.5333333333333333,0.507416263404925,0.0,0.5333333333333333,0.0
2007Q3,27,6,False,7.9133241219766015,0.7407407407407407,0.5185185185185185,0.7407407407407407,0.37037037037037035,0.4074074074074074,0.4335511982570805,0.6975308641975307,0.37037037037037035,0.4074074074074074,14.0,20.0,10.0,11.0,0.42857142857142855,0.5135525910130955,0.0,0.42857142857142855,0.0,0.45,0.6863327411532597,0.3076923076923077,0.55,0.1
2007Q4,38,6,False,8.06943387123677,0.8421052631578947,0.5263157894736842,0.7105263157894737,0.7894736842105263,0.631578947368421,0.44272445820433426,0.6622807017543858,0.7894736842105263,0.631578947368421,20.0,27.0,30.0,24.0,0.2,0.6958523739384594,0.6,0.35,0.15,0.4444444444444444,0.5773502691896257,0.14285714285714285,0.48148148148148145,0.037037037037037035
2008Q1,31,6,False,7.918336637096758,0.8064516129032258,0.6129032258064516,0.8064516129032258,0.6129032258064516,0.5806451612903226,0.5445920303605313,0.7741935483870966,0.6129032258064516,0.5806451612903226,19.0,25.0,19.0,18.0,0.3157894736842105,0.5823927253578186,0.25,0.3684210526315789,0.05263157894736842,0.28,0.6782329983125268,0.46153846153846156,0.4,0.12
2008Q2,46,6,False,7.9882258868931055,0.7608695652173914,0.6086956521739131,0.8260869565217391,0.6956521739130435,0.5217391304347826,0.5396419437340153,0.7971014492753622,0.6956521739130435,0.5217391304347826,28.0,38.0,32.0,24.0,0.39285714285714285,0.49734746139343805,0.0,0.39285714285714285,0.0,0.07894736842105263,0.7121182314289028,0.8421052631578947,0.2894736842105263,0.21052631578947367
2008Q3,29,6,False,7.870913161517064,0.6896551724137931,0.4827586206896552,0.6551724137931034,0.7586206896551724,0.6206896551724138,0.3914807302231237,0.5977011494252872,0.7586206896551724,0.6206896551724138,14.0,19.0,22.0,18.0,0.6428571428571429,0.4972451580988469,0.0,0.6428571428571429,0.0,-0.10526315789473684,0.8093026382225119,0.8333333333333334,0.2631578947368421,0.3684210526315789
2008Q4,35,6,False,8.052705515480898,0.7714285714285715,0.5714285714285714,0.8857142857142857,0.8857142857142857,0.7428571428571429,0.495798319327731,0.8666666666666665,0.8857142857142857,0.7428571428571429,20.0,31.0,31.0,26.0,-0.5,0.6069769786668839,0.16666666666666666,0.05,0.55,-0.5806451612903226,0.7648177799705886,0.35714285714285715,0.16129032258064516,0.7419354838709677
2009Q1,28,6,False,7.97341720503303,0.75,0.5714285714285714,0.8571428571428571,0.8214285714285714,0.6428571428571429,0.495798319327731,0.8333333333333331,0.8214285714285714,0.6428571428571429,16.0,24.0,23.0,18.0,-0.25,0.5773502691896257,0.3333333333333333,0.0625,0.3125,-0.2916666666666667,0.8064504441319253,0.5882352941176471,0.20833333333333334,0.5
2009Q2,36,6,False,8.02106141978627,0.8055555555555556,0.6666666666666666,0.8333333333333334,0.8888888888888888,0.7222222222222222,0.6078431372549018,0.8055555555555555,0.8888888888888888,0.7222222222222222,24.0,30.0,32.0,26.0,-0.625,0.5757792451369143,0.11764705882352941,0.041666666666666664,0.6666666666666666,-0.26666666666666666,0.8683449709106092,0.6666666666666666,0.26666666666666666,0.5333333333333333
2009Q3,21,6,False,7.846685057881037,0.7142857142857143,0.42857142857142855,0.6190476190476191,0.9523809523809523,0.8095238095238095,0.3277310924369747,0.5555555555555555,0.9523809523809523,0.8095238095238095,9.0,13.0,20.0,17.0,0.1111111111111111,0.6009252125773316,0.6666666666666666,0.2222222222222222,0.1111111111111111,0.23076923076923078,0.9268086959962984,0.7272727272727273,0.5384615384615384,0.3076923076923077
2009Q4,33,6,False,7.994354785546345,0.8181818181818182,0.5454545454545454,0.8787878787878788,0.8787878787878788,0.8181818181818182,0.4652406417112298,0.8585858585858585,0.8787878787878788,0.8181818181818182,18.0,29.0,29.0,27.0,-0.1111111111111111,0.6763995415945232,0.75,0.16666666666666666,0.2777777777777778,0.27586206896551724,0.7971624553976226,0.6,0.4827586206896552,0.20689655172413793
2010Q1,25,5,False,7.890509625050203,0.68,0.68,0.88,0.92,0.68,0.6235294117647059,0.8599999999999999,0.92,0.68,17.0,22.0,23.0,17.0,0.0,0.5,1.0,0.11764705882352941,0.11764705882352941,0.0,0.816496580927726,1.0,0.3181818181818182,0.3181818181818182
2010Q2,42,6,False,7.847910037090855,0.7619047619047619,0.42857142857142855,0.7619047619047619,0.8333333333333334,0.6666666666666666,0.3277310924369747,0.7222222222222221,0.8333333333333334,0.6666666666666666,18.0,32.0,35.0,28.0,-0.1111111111111111,0.5829830881301376,0.6666666666666666,0.1111111111111111,0.2222222222222222,-0.03125,0.8607714094664383,0.9565217391304348,0.34375,0.375
2010Q3,24,6,False,7.791136058723484,0.7083333333333334,0.4166666666666667,0.7916666666666666,0.9166666666666666,0.5416666666666666,0.31372549019607837,0.7569444444444443,0.9166666666666666,0.5416666666666666,10.0,19.0,22.0,13.0,0.1,0.5676462121975466,0.6666666666666666,0.2,0.1,0.05263157894736842,0.8481145238787242,0.9230769230769231,0.3684210526315789,0.3157894736842105
2010Q4,36,6,False,7.917965251516279,0.75,0.6388888888888888,0.8611111111111112,0.9166666666666666,0.4722222222222222,0.5751633986928103,0.8379629629629629,0.9166666666666666,0.4722222222222222,23.0,31.0,33.0,17.0,-0.043478260869565216,0.20851441405707477,0.0,0.0,0.043478260869565216,-0.0967741935483871,0.7897188828807974,0.8421052631578947,0.25806451612903225,0.3548387096774194
2011Q1,32,5,False,8.001950451301337,0.78125,0.65625,0.875,0.90625,0.53125,0.5955882352941175,0.8541666666666665,0.90625,0.53125,21.0,28.0,29.0,17.0,0.38095238095238093,0.5895922723535711,0.2,0.42857142857142855,0.047619047619047616,0.0,0.769800358919501,1.0,0.2857142857142857,0.2857142857142857
2011Q2,51,7,False,7.820962478097951,0.7058823529411765,0.6666666666666666,0.9411764705882353,0.9411764705882353,0.5490196078431373,0.6078431372549018,0.9313725490196078,0.9411764705882353,0.5490196078431373,34.0,48.0,48.0,28.0,0.2647058823529412,0.5672273623252055,0.3076923076923077,0.3235294117647059,0.058823529411764705,0.0625,0.8096821020517736,0.9032258064516129,0.3541666666666667,0.2916666666666667
2011Q3,14,6,False,7.811326788554398,0.7142857142857143,0.5,0.9285714285714286,0.8571428571428571,0.7142857142857143,0.41176470588235287,0.9166666666666666,0.8571428571428571,0.7142857142857143,7.0,13.0,12.0,10.0,0.42857142857142855,0.5345224838248487,0.0,0.42857142857142855,0.0,-0.23076923076923078,0.8320502943378437,0.6666666666666666,0.23076923076923078,0.46153846153846156
2011Q4,35,7,False,8.021280414373672,0.7714285714285715,0.6285714285714286,0.8571428571428571,1.0,0.6857142857142857,0.5630252100840335,0.8333333333333331,1.0,0.6857142857142857,22.0,30.0,35.0,24.0,-0.2727272727272727,0.7025001733142089,0.5,0.13636363636363635,0.4090909090909091,-0.5,0.7310832774866962,0.34782608695652173,0.13333333333333333,0.6333333333333333
2012Q1,13,5,False,8.069067630054253,0.8461538461538461,0.5384615384615384,0.9230769230769231,1.0,0.38461538461538464,0.45701357466063336,0.9102564102564102,1.0,0.38461538461538464,7.0,12.0,13.0,5.0,-0.14285714285714285,0.3779644730092273,0.0,0.0,0.14285714285714285,0.16666666666666666,0.7177405625652735,0.6666666666666666,0.3333333333333333,0.16666666666666666
2012Q2,35,6,False,7.7915424189895885,0.6285714285714286,0.4857142857142857,0.6571428571428571,0.9428571428571428,0.5428571428571428,0.39495798319327724,0.5999999999999999,0.9428571428571428,0.5428571428571428,17.0,23.0,33.0,19.0,-0.23529411764705882,0.562295714538387,0.3333333333333333,0.058823529411764705,0.29411764705882354,0.0,0.8528028654224418,1.0,0.34782608695652173,0.34782608695652173
2012Q3,18,5,False,7.815022876511411,0.6111111111111112,0.5,0.8333333333333334,0.9444444444444444,0.5555555555555556,0.41176470588235287,0.8055555555555555,0.9444444444444444,0.5555555555555556,9.0,15.0,17.0,10.0,-0.4444444444444444,0.5270462766947299,0.0,0.0,0.4444444444444444,0.2,0.9411239481143203,0.7692307692307693,0.5333333333333333,0.3333333333333333
2012Q4,36,5,False,7.969203588674625,0.8055555555555556,0.4722222222222222,0.8611111111111112,0.9722222222222222,0.5,0.37908496732026137,0.8379629629629629,0.9722222222222222,0.5,17.0,31.0,35.0,18.0,-0.47058823529411764,0.6242642728467978,0.2,0.058823529411764705,0.5294117647058824,-0.1935483870967742,0.8334408532787306,0.7272727272727273,0.25806451612903225,0.45161290322580644
2013Q1,29,6,False,7.765012987633935,0.7241379310344828,0.3793103448275862,0.7931034482758621,0.9655172413793104,0.3793103448275862,0.2697768762677484,0.7586206896551724,0.9655172413793104,0.3793103448275862,11.0,23.0,28.0,11.0,-0.2727272727272727,0.6466697906828633,0.4,0.09090909090909091,0.36363636363636365,0.5217391304347826,0.5931093121225481,0.14285714285714285,0.5652173913043478,0.043478260869565216
2013Q2,42,6,False,7.783330145448268,0.7857142857142857,0.5714285714285714,0.8809523809523809,0.9761904761904762,0.5,0.495798319327731,0.8611111111111109,0.9761904761904762,0.5,24.0,37.0,41.0,21.0,-0.2916666666666667,0.5500329370901873,0.2222222222222222,0.041666666666666664,0.3333333333333333,0.10810810810810811,0.8091073196150526,0.8333333333333334,0.3783783783783784,0.2702702702702703
2013Q3,27,6,False,7.731004776878798,0.6296296296296297,0.5185185185185185,0.8518518518518519,0.9629629629629629,0.5925925925925926,0.4335511982570805,0.8271604938271604,0.9629629629629629,0.5925925925925926,14.0,23.0,26.0,16.0,-0.7142857142857143,0.6112498455021267,0.16666666666666666,0.07142857142857142,0.7857142857142857,0.13043478260869565,0.9197009309398037,0.8421052631578947,0.4782608695652174,0.34782608695652173
2013Q4,39,6,False,7.8282242771800155,0.7435897435897436,0.48717948717948717,0.8974358974358975,0.9743589743589743,0.5128205128205128,0.396681749622926,0.8803418803418802,0.9743589743589743,0.5128205128205128,19.0,35.0,38.0,20.0,-0.5263157894736842,0.611775290321498,0.16666666666666666,0.05263157894736842,0.5789473684210527,0.37142857142857144,0.7310634592924236,0.43478260869565216,0.5142857142857142,0.14285714285714285
2014Q1,21,5,False,7.723615983261698,0.6666666666666666,0.42857142857142855,0.7619047619047619,0.9047619047619048,0.5714285714285714,0.3277310924369747,0.7222222222222221,0.9047619047619048,0.5714285714285714,9.0,16.0,19.0,12.0,-0.1111111111111111,0.6009252125773316,0.6666666666666666,0.1111111111111111,0.2222222222222222,0.5,0.816496580927726,0.42857142857142855,0.6875,0.1875
2014Q2,32,6,False,8.045203268087237,0.84375,0.65625,0.90625,1.0,0.5625,0.5955882352941175,0.8906249999999999,1.0,0.5625,21.0,29.0,32.0,18.0,-0.19047619047619047,0.8135752957807667,0.7142857142857143,0.23809523809523808,0.42857142857142855,0.0,0.8017837257372732,1.0,0.3103448275862069,0.3103448275862069
2014Q3,23,6,False,7.906202816453648,0.8695652173913043,0.7391304347826086,0.8695652173913043,1.0,0.6086956521739131,0.6930946291560101,0.8478260869565216,1.0,0.6086956521739131,17.0,20.0,23.0,14.0,-0.17647058823529413,0.8828430011649196,0.7692307692307693,0.29411764705882354,0.47058823529411764,-0.15,0.812727700887249,0.7692307692307693,0.25,0.4
2014Q4,29,6,False,7.78895791951772,0.7241379310344828,0.6896551724137931,0.8620689655172413,0.9310344827586207,0.5862068965517241,0.6348884381338742,0.8390804597701148,0.9310344827586207,0.5862068965517241,20.0,25.0,27.0,17.0,-0.2,0.9514531821875089,0.7777777777777778,0.35,0.55,0.12,0.9273618495495705,0.8571428571428571,0.48,0.36
2015Q1,18,6,False,7.9847303743635205,0.7222222222222222,0.6666666666666666,0.8333333333333334,0.9444444444444444,0.2777777777777778,0.6078431372549018,0.8055555555555555,0.9444444444444444,0.2777777777777778,12.0,15.0,17.0,5.0,0.0,0.9534625892455924,1.0,0.4166666666666667,0.4166666666666667,0.5333333333333333,0.7432233529572065,0.3333333333333333,0.6666666666666666,0.13333333333333333
2015Q2,25,6,False,8.020299298463964,0.72,0.68,0.8,0.84,0.56,0.6235294117647059,0.7666666666666666,0.84,0.56,17.0,20.0,21.0,14.0,0.5294117647058824,0.7998161553463028,0.4,0.7058823529411765,0.17647058823529413,0.55,0.6863327411532597,0.26666666666666666,0.65,0.1
2015Q3,16,6,False,7.600575048765768,0.5,0.625,0.8125,0.8125,0.5625,0.5588235294117646,0.7812499999999999,0.8125,0.5625,10.0,13.0,13.0,9.0,-0.2,0.9189365834726815,0.75,0.3,0.5,0.07692307692307693,0.9540735874430286,0.9090909090909091,0.46153846153846156,0.38461538461538464
2015Q4,40,6,False,7.717782924162691,0.625,0.45,0.75,0.75,0.425,0.3529411764705882,0.7083333333333333,0.75,0.425,18.0,30.0,30.0,17.0,-0.3333333333333333,0.8401680504168059,0.5714285714285714,0.2222222222222222,0.5555555555555556,-0.06666666666666667,0.8683449709106095,0.9090909090909091,0.3333333333333333,0.4
2016Q1,23,6,False,7.760889675395614,0.6521739130434783,0.43478260869565216,0.782608695652174,0.9130434782608695,0.5217391304347826,0.33503836317135544,0.7463768115942029,0.9130434782608695,0.5217391304347826,10.0,18.0,21.0,12.0,-0.5,0.7071067811865476,0.2857142857142857,0.1,0.6,-0.16666666666666666,0.9235481451827989,0.8,0.3333333333333333,0.5
2016Q2,31,6,False,7.787748296721088,0.6451612903225806,0.5483870967741935,0.7419354838709677,0.8064516129032258,0.6129032258064516,0.4686907020872864,0.6989247311827956,0.8064516129032258,0.6129032258064516,17.0,23.0,25.0,19.0,-0.23529411764705882,0.9701425001453319,0.75,0.35294117647058826,0.5882352941176471,-0.08695652173913043,0.9001536978993628,0.8888888888888888,0.34782608695652173,0.43478260869565216
2016Q3,20,6,False,7.739137957451369,0.6,0.55,0.9,0.95,0.6,0.47058823529411764,0.8833333333333332,0.95,0.6,11.0,18.0,19.0,12.0,0.0,0.8944271909999159,1.0,0.36363636363636365,0.36363636363636365,0.2222222222222222,0.8084520834544433,0.6666666666666666,0.4444444444444444,0.2222222222222222
2016Q4,35,6,False,7.73223960157421,0.5428571428571428,0.7428571428571429,0.9142857142857143,0.8857142857142857,0.7142857142857143,0.6974789915966386,0.8999999999999998,0.8857142857142857,0.7142857142857143,26.0,32.0,31.0,25.0,0.34615384615384615,0.8458041235325207,0.5714285714285714,0.5769230769230769,0.23076923076923078,0.34375,0.745280852019624,0.47619047619047616,0.5,0.15625
2017Q1,34,6,False,7.7001647308759615,0.6176470588235294,0.47058823529411764,0.6764705882352942,0.7058823529411765,0.5294117647058824,0.3771626297577854,0.622549019607843,0.7058823529411765,0.5294117647058824,16.0,23.0,24.0,18.0,-0.0625,0.6800735254367721,0.8571428571428571,0.1875,0.25,0.6521739130434783,0.714059817469728,0.2857142857142857,0.782608695652174,0.13043478260869565
2017Q2,42,6,False,7.60953887758386,0.5476190476190477,0.5,0.7142857142857143,0.8333333333333334,0.47619047619047616,0.41176470588235287,0.6666666666666666,0.8333333333333334,0.47619047619047616,21.0,30.0,35.0,20.0,0.0,0.7745966692414834,1.0,0.2857142857142857,0.2857142857142857,0.6333333333333333,0.6686751354593717,0.24,0.7333333333333333,0.1
2017Q3,29,6,False,7.711264884503705,0.5862068965517241,0.5862068965517241,0.7241379310344828,0.5862068965517241,0.5172413793103449,0.5131845841784989,0.6781609195402298,0.5862068965517241,0.5172413793103449,17.0,21.0,17.0,15.0,0.4117647058823529,0.7122871199007256,0.36363636363636365,0.5294117647058824,0.11764705882352941,0.6190476190476191,0.7400128699009549,0.3157894736842105,0.7619047619047619,0.14285714285714285
2017Q4,36,6,False,7.721375512770318,0.5555555555555556,0.5555555555555556,0.8333333333333334,0.8055555555555556,0.5833333333333334,0.4771241830065359,0.8055555555555555,0.8055555555555556,0.5833333333333334,20.0,30.0,29.0,21.0,0.4,0.7539370349250519,0.42857142857142855,0.55,0.15,0.7333333333333333,0.44977644510880366,0.0,0.7333333333333333,0.0
2018Q1,28,6,False,7.705560500750653,0.5357142857142857,0.42857142857142855,0.6428571428571429,0.8571428571428571,0.5357142857142857,0.3277310924369747,0.5833333333333333,0.8571428571428571,0.5357142857142857,12.0,18.0,24.0,15.0,0.5,0.5222329678670935,0.0,0.5,0.0,0.5,0.7859052479933758,0.4,0.6666666666666666,0.16666666666666666
2018Q2,28,7,False,7.99019027968204,0.7857142857142857,0.6785714285714286,0.7857142857142857,0.7857142857142857,0.7142857142857143,0.6218487394957982,0.7499999999999999,0.7857142857142857,0.7142857142857143,19.0,22.0,22.0,20.0,0.2631578947368421,0.8056815791722831,0.6153846153846154,0.47368421052631576,0.21052631578947367,0.2727272727272727,0.8270324564263992,0.625,0.5,0.22727272727272727
2018Q3,20,6,False,7.646063768645215,0.65,0.55,0.7,0.9,0.8,0.47058823529411764,0.6499999999999998,0.9,0.8,11.0,14.0,18.0,16.0,0.6363636363636364,0.6741998624632419,0.2222222222222222,0.7272727272727273,0.09090909090909091,0.5714285714285714,0.646206172658864,0.2,0.6428571428571429,0.07142857142857142
2018Q4,36,6,False,7.705974701941358,0.5833333333333334,0.4722222222222222,0.7777777777777778,0.75,0.6111111111111112,0.37908496732026137,0.7407407407407407,0.75,0.6111111111111112,17.0,28.0,27.0,22.0,0.4117647058823529,0.7122871199007256,0.36363636363636365,0.5294117647058824,0.11764705882352941,0.10714285714285714,0.8751417118804337,0.8571428571428571,0.42857142857142855,0.32142857142857145
2019Q1,30,6,False,7.669986519126257,0.5666666666666667,0.5,0.7333333333333333,0.6666666666666666,0.5,0.41176470588235287,0.6888888888888888,0.6666666666666666,0.5,15.0,22.0,20.0,15.0,-0.2,0.7745966692414835,0.6666666666666666,0.2,0.4,-0.18181818181818182,0.7326639999321223,0.6666666666666666,0.18181818181818182,0.36363636363636365
2019Q2,26,6,False,7.568261221071722,0.38461538461538464,0.38461538461538464,0.7307692307692307,0.8846153846153846,0.6538461538461539,0.2760180995475113,0.6858974358974358,0.8846153846153846,0.6538461538461539,10.0,19.0,23.0,17.0,0.1,0.7378647873726218,0.8,0.3,0.2,-0.5263157894736842,0.7723284457212329,0.375,0.15789473684210525,0.6842105263157895
2019Q3,17,5,False,7.677253610341361,0.5294117647058824,0.6470588235294118,0.7647058823529411,0.6470588235294118,0.7647058823529411,0.5847750865051903,0.7254901960784312,0.6470588235294118,0.7647058823529411,11.0,13.0,11.0,13.0,-0.36363636363636365,0.8090398349558906,0.5,0.18181818181818182,0.5454545454545454,-0.46153846153846156,0.7762500258061849,0.4,0.15384615384615385,0.6153846153846154
2019Q4,33,7,False,7.840524733998393,0.5757575757575758,0.48484848484848486,0.7575757575757576,0.696969696969697,0.6060606060606061,0.39393939393939387,0.717171717171717,0.696969696969697,0.6060606060606061,16.0,25.0,23.0,20.0,-0.375,0.6191391873668903,0.25,0.0625,0.4375,-0.36,0.8602325267042628,0.5714285714285714,0.24,0.6
2020Q1,20,6,False,7.665660914129127,0.45,0.6,0.9,0.7,0.75,0.5294117647058822,0.8833333333333332,0.7,0.75,12.0,18.0,14.0,15.0,0.0,0.9534625892455924,1.0,0.4166666666666667,0.4166666666666667,-0.16666666666666666,0.7071067811865476,0.6666666666666666,0.16666666666666666,0.3333333333333333
2020Q2,15,5,False,7.692358718626575,0.6666666666666666,0.8,0.9333333333333333,1.0,0.8666666666666667,0.7647058823529411,0.9222222222222222,1.0,0.8666666666666667,12.0,14.0,15.0,13.0,-0.8333333333333334,0.38924947208076144,0.0,0.0,0.8333333333333334,-0.21428571428571427,0.8925823753039809,0.7272727272727273,0.2857142857142857,0.5
2020Q3,20,6,False,7.765361446691356,0.7,0.6,0.85,0.8,0.7,0.5294117647058822,0.8249999999999998,0.8,0.7,12.0,17.0,16.0,14.0,-0.5833333333333334,0.7929614610987591,0.36363636363636365,0.16666666666666666,0.75,-0.23529411764705882,0.7524469885568253,0.6,0.17647058823529413,0.4117647058823529
2020Q4,27,6,False,7.83009204755097,0.6296296296296297,0.48148148148148145,0.8148148148148148,0.8518518518518519,0.7037037037037037,0.3899782135076252,0.7839506172839504,0.8518518518518519,0.7037037037037037,13.0,22.0,23.0,19.0,-0.38461538461538464,0.869718492622904,0.5454545454545454,0.23076923076923078,0.6153846153846154,-0.22727272727272727,0.9223065383316713,0.7368421052631579,0.3181818181818182,0.5454545454545454
2021Q1,19,6,False,7.707298862018814,0.5263157894736842,0.5263157894736842,0.9473684210526315,0.8421052631578947,0.6842105263157895,0.44272445820433426,0.93859649122807,0.8421052631578947,0.6842105263157895,10.0,18.0,16.0,13.0,-0.7,0.4830458915396479,0.0,0.0,0.7,0.1111111111111111,0.9002541398626663,0.8571428571428571,0.4444444444444444,0.3333333333333333
2021Q2,19,6,False,7.754497371101969,0.631578947368421,0.47368421052631576,0.7894736842105263,0.8421052631578947,0.5263157894736842,0.3808049535603714,0.7543859649122806,0.8421052631578947,0.5263157894736842,9.0,15.0,16.0,10.0,-0.5555555555555556,0.5270462766947299,0.0,0.0,0.5555555555555556,0.2,0.8618916073713346,0.7272727272727273,0.4666666666666667,0.26666666666666666
2021Q3,12,5,False,7.794051457622747,0.6666666666666666,0.75,0.9166666666666666,0.75,0.75,0.7058823529411764,0.9027777777777776,0.75,0.75,9.0,11.0,9.0,9.0,-0.4444444444444444,0.7264831572567789,0.3333333333333333,0.1111111111111111,0.5555555555555556,0.2727272727272727,0.7862453931068966,0.5714285714285714,0.45454545454545453,0.18181818181818182
2021Q4,33,6,False,7.855731688454853,0.696969696969697,0.5151515151515151,0.7575757575757576,0.6363636363636364,0.6363636363636364,0.42959001782531187,0.717171717171717,0.6363636363636364,0.6363636363636364,17.0,25.0,21.0,21.0,-0.4117647058823529,0.6183469424008423,0.2222222222222222,0.058823529411764705,0.47058823529411764,-0.12,0.8326663997864531,0.8235294117647058,0.28,0.4
2022Q1,24,6,False,7.729197967407657,0.7083333333333334,0.6666666666666666,0.6666666666666666,0.6666666666666666,0.7083333333333334,0.6078431372549018,0.6111111111111109,0.6666666666666666,0.7083333333333334,16.0,16.0,16.0,17.0,0.0,0.816496580927726,1.0,0.3125,0.3125,0.125,0.8850612031567836,0.8333333333333334,0.4375,0.3125
2022Q2,25,6,False,7.927494871853106,0.72,0.64,0.76,0.72,0.84,0.5764705882352941,0.7199999999999999,0.72,0.84,16.0,19.0,18.0,21.0,0.6875,0.6020797289396148,0.15384615384615385,0.75,0.0625,-0.42105263157894735,0.7685331969757723,0.42857142857142855,0.15789473684210525,0.5789473684210527
2022Q3,15,6,False,7.744802844013748,0.6,0.8,0.8666666666666667,0.7333333333333333,0.8,0.7647058823529411,0.8444444444444443,0.7333333333333333,0.8,12.0,13.0,11.0,12.0,0.9166666666666666,0.28867513459481287,0.0,0.9166666666666666,0.0,-0.7692307692307693,0.599144689515278,0.16666666666666666,0.07692307692307693,0.8461538461538461
2022Q4,18,6,False,7.988350938740434,0.6111111111111112,0.7777777777777778,0.8333333333333334,0.6666666666666666,0.6666666666666666,0.7385620915032679,0.8055555555555555,0.6666666666666666,0.6666666666666666,14.0,15.0,12.0,12.0,0.21428571428571427,0.9749612559222293,0.7692307692307693,0.5714285714285714,0.35714285714285715,-0.6666666666666666,0.6172133998483675,0.16666666666666666,0.06666666666666667,0.7333333333333333
2023Q1,15,5,False,8.13008478591398,0.7333333333333333,0.7333333333333333,0.7333333333333333,0.6,0.6666666666666666,0.6862745098039215,0.6888888888888888,0.6,0.6666666666666666,11.0,11.0,9.0,10.0,-0.7272727272727273,0.6466697906828632,0.2,0.09090909090909091,0.8181818181818182,-0.45454545454545453,0.8201995322647243,0.4444444444444444,0.18181818181818182,0.6363636363636364
2023Q2,26,6,False,7.667994659064082,0.5769230769230769,0.6923076923076923,0.7307692307692307,0.8076923076923077,0.7692307692307693,0.6380090497737555,0.6858974358974358,0.8076923076923077,0.7692307692307693,18.0,19.0,21.0,20.0,0.0,0.8401680504168059,1.0,0.3333333333333333,0.3333333333333333,-0.3684210526315789,0.6839855680567692,0.36363636363636365,0.10526315789473684,0.47368421052631576
2023Q3,17,6,False,8.123183742263047,0.7647058823529411,0.7058823529411765,0.8235294117647058,0.5294117647058824,0.5882352941176471,0.6539792387543252,0.7941176470588234,0.5294117647058824,0.5882352941176471,12.0,14.0,9.0,10.0,-0.4166666666666667,0.7929614610987591,0.4444444444444444,0.16666666666666666,0.5833333333333334,-0.14285714285714285,0.8644378215075665,0.8,0.2857142857142857,0.42857142857142855
2023Q4,18,5,False,7.545181918339953,0.3888888888888889,0.7777777777777778,0.9444444444444444,0.7777777777777778,0.7777777777777778,0.7385620915032679,0.935185185185185,0.7777777777777778,0.7777777777777778,14.0,17.0,14.0,14.0,-0.5714285714285714,0.646206172658864,0.2,0.07142857142857142,0.6428571428571429,-0.23529411764705882,0.7524469885568253,0.6,0.17647058823529413,0.4117647058823529
2024Q1,16,6,False,8.048849130699583,0.75,0.5625,0.75,0.6875,0.625,0.48529411764705876,0.7083333333333333,0.6875,0.625,9.0,12.0,11.0,10.0,-0.7777777777777778,0.44095855184409843,0.0,0.0,0.7777777777777778,-0.4166666666666667,0.6685579234215214,0.2857142857142857,0.08333333333333333,0.5
2024Q2,19,6,False,8.100795946614063,0.7368421052631579,0.7894736842105263,0.9473684210526315,0.7368421052631579,0.7368421052631579,0.7523219814241485,0.93859649122807,0.7368421052631579,0.7368421052631579,15.0,18.0,14.0,14.0,-0.4,0.7367883976130073,0.4,0.13333333333333333,0.5333333333333333,0.16666666666666666,0.7859052479933759,0.7272727272727273,0.3888888888888889,0.2222222222222222
2024Q3,12,5,False,8.047938978426961,0.6666666666666666,0.75,0.8333333333333334,0.75,0.75,0.7058823529411764,0.8055555555555555,0.75,0.75,9.0,10.0,9.0,9.0,-0.5555555555555556,0.5270462766947299,0.0,0.0,0.5555555555555556,0.1,0.7378647873726218,0.8,0.3,0.2
2024Q4,30,6,False,7.8335496446105,0.6333333333333333,0.6666666666666666,0.9,0.4666666666666667,0.7666666666666667,0.6078431372549018,0.8833333333333332,0.4666666666666667,0.7666666666666667,20.0,27.0,14.0,23.0,-0.55,0.6863327411532598,0.26666666666666666,0.1,0.65,0.037037037037037035,0.8077262236808042,0.9411764705882353,0.3333333333333333,0.2962962962962963
2025Q1,12,6,False,8.02977464562158,0.6666666666666666,0.8333333333333334,0.8333333333333334,0.5833333333333334,0.8333333333333334,0.8039215686274509,0.8055555555555555,0.5833333333333334,0.8333333333333334,10.0,10.0,7.0,10.0,-0.3,0.8232726023485646,0.5714285714285714,0.2,0.5,0.1,0.8755950357709134,0.8571428571428571,0.4,0.3
2025Q2,28,6,False,7.871971511350805,0.6428571428571429,0.5,0.9285714285714286,0.6785714285714286,0.6428571428571429,0.41176470588235287,0.9166666666666666,0.6785714285714286,0.6428571428571429,14.0,26.0,19.0,18.0,-0.07142857142857142,0.6157279262148818,0.8,0.14285714285714285,0.21428571428571427,-0.11538461538461539,0.8161824833662176,0.8235294117647058,0.2692307692307692,0.38461538461538464
2025Q3,16,4,False,7.689369947171728,0.625,0.3125,0.5,0.6875,0.6875,0.19117647058823525,0.4166666666666666,0.6875,0.6875,5.0,8.0,11.0,11.0,0.0,0.0,,0.0,0.0,-0.375,0.7440238091428449,0.4,0.125,0.5
2025Q4,26,6,False,7.846679468894266,0.6153846153846154,0.5,0.8461538461538461,0.6538461538461539,0.6153846153846154,0.41176470588235287,0.8205128205128204,0.6538461538461539,0.6153846153846154,13.0,22.0,17.0,16.0,-0.23076923076923078,0.4385290096535146,0.0,0.0,0.23076923076923078,0.13636363636363635,0.7743171827921032,0.7692307692307693,0.36363636363636365,0.22727272727272727
